{
  "train_loss": [
    3608.797257627542,
    6.465422980701581,
    6.849636553194576,
    3.4196595840941604,
    5.080248082979038,
    4.984154208590048,
    2.087039470291747,
    1.93421328562898,
    1.742601334477385,
    1.6110900537655377,
    1.7569118711514213,
    1.4747860675421767,
    1.345322703781981,
    1.4014781810605108,
    1.2483538905271707,
    1.179737685206599,
    1.1576821293693762,
    1.1651123868771636,
    1.1191962824081079,
    1.114683444888447,
    1.0813797198164576,
    1.065529142324917,
    1.1160660641261946,
    1.0509977832008093,
    0.9994683459924814,
    1.0148543515525306,
    1.0177926037448664,
    0.9823275543630313,
    0.994283597880659
  ],
  "val_loss": [
    8.860166072845459,
    7.086838722229004,
    6.200031121571858,
    5.671257336934407,
    4.2879509925842285,
    5.792145252227783,
    6.256268819173177,
    6.432949542999268,
    2.302501916885376,
    6.4498359362284345,
    6.214406808217366,
    5.251307964324951,
    5.591009140014648,
    5.11614712079366,
    5.505728721618652,
    5.336069981257121,
    5.710839907328288,
    5.386427243550618,
    5.344725926717122,
    5.117502927780151,
    4.740398168563843,
    5.134724775950114,
    4.877857685089111,
    4.791118701299031,
    4.377991199493408,
    4.747904221216838,
    3.9013758500417075,
    4.951324860254924,
    5.158610979715983
  ],
  "metrics": {
    "rmse": [
      1358.8627598105704,
      1339.858154805948,
      1332.758792880392,
      1329.1894146433758,
      1284.9954766457352,
      1329.4591475483555,
      1333.0800332313136,
      1341.3480625848013,
      1164.2771899337374,
      1340.5443390652918,
      1338.4750184444983,
      1321.2281691668552,
      1328.6002502634117,
      1319.8157541869243,
      1327.6893932693745,
      1324.748985657283,
      1329.768400887914,
      1325.5505931498806,
      1324.9581125454495,
      1320.590066977637,
      1308.4511836518777,
      1321.6855242454612,
      1315.4569548259647,
      1309.6806385527732,
      1295.891440283483,
      1312.1684343101688,
      1283.4681530914586,
      1317.445824313091,
      1322.6518816377952
    ],
    "r2": [
      -2.3442330360412598,
      -2.2513444423675537,
      -2.2169806957244873,
      -2.199772357940674,
      -1.990532636642456,
      -2.201071262359619,
      -2.218531608581543,
      -2.2585794925689697,
      -1.4550373554229736,
      -2.2546756267547607,
      -2.2446351051330566,
      -2.1615567207336426,
      -2.19693660736084,
      -2.1548011302948,
      -2.192554473876953,
      -2.178429126739502,
      -2.2025606632232666,
      -2.182276725769043,
      -2.1794328689575195,
      -2.158503770828247,
      -2.1007046699523926,
      -2.1637461185455322,
      -2.1339974403381348,
      -2.106534242630005,
      -2.0414633750915527,
      -2.118347644805908,
      -1.9834277629852295,
      -2.1434812545776367,
      -2.1683740615844727
    ],
    "mae": [
      1122.2701416015625,
      1106.6275634765625,
      1091.40380859375,
      1098.7138671875,
      1011.6278686523438,
      1091.7935791015625,
      1097.7730712890625,
      1112.9691162109375,
      839.644775390625,
      1110.59326171875,
      1105.1583251953125,
      1085.1011962890625,
      1095.5252685546875,
      1086.1539306640625,
      1093.95263671875,
      1085.454345703125,
      1092.5091552734375,
      1089.0892333984375,
      1088.2657470703125,
      1081.3326416015625,
      1060.5728759765625,
      1081.7896728515625,
      1072.5142822265625,
      1065.4398193359375,
      1039.0360107421875,
      1066.9521484375,
      1023.2278442382812,
      1076.4315185546875,
      1086.5009765625
    ]
  },
  "epoch": [
    0.0,
    1.0,
    2.0,
    3.0,
    4.0,
    5.0,
    6.0,
    7.0,
    8.0,
    9.0,
    10.0,
    11.0,
    12.0,
    13.0,
    14.0,
    15.0,
    16.0,
    17.0,
    18.0,
    19.0,
    20.0,
    21.0,
    22.0,
    23.0,
    24.0,
    25.0,
    26.0,
    27.0,
    28.0
  ]
}