{
  "train_loss": [
    3595.1474554104548,
    6.2114271660582325,
    6.320090353108061,
    3.35301449276007,
    5.104386431721453,
    4.046438284004077,
    1.9570867651567672,
    1.9777028591107255,
    1.9802526673569847,
    1.6674202669161957,
    2.0371116662558655,
    1.5608907221986081,
    1.4801284432792055,
    1.486162068935248,
    1.2822583342512575,
    1.230934250469025,
    1.1969575847680576,
    1.270800340670747,
    1.1534270139547964,
    1.177746760388152,
    1.1720305060426268,
    1.1295062048366655,
    1.1651944062961177,
    1.1205723483722432,
    1.0479046989934513,
    1.0807898562556257,
    1.0668704107927438,
    1.0135316989673213,
    1.0328308393399175,
    1.0117762800984489,
    0.9767509340859069,
    0.9822854368260112,
    0.932243171210487,
    0.9913757206342472,
    0.9267660500332952,
    0.9690187872408297,
    0.9067461300200929,
    0.9107493995287167,
    0.8770418045238946,
    0.8885216202598791,
    0.901966399468553,
    0.868280031429693,
    0.9033158834749898,
    0.8744669302393453,
    0.8285274696045409
  ],
  "val_loss": [
    8.829472541809082,
    6.975207805633545,
    6.312504132588704,
    5.951738675435384,
    4.7909369468688965,
    6.306322733561198,
    5.3294462362925215,
    6.65615971883138,
    4.924368937810262,
    6.889614105224609,
    6.760217984517415,
    5.813689549763997,
    5.694138844807942,
    5.300868113835652,
    5.448472817738851,
    5.526944001515706,
    5.961944023768107,
    5.652768135070801,
    5.3444764614105225,
    5.654946486155192,
    4.864877065022786,
    4.817113478978475,
    5.586746295293172,
    4.635563135147095,
    4.37856920560201,
    5.1998374462127686,
    4.92831023534139,
    5.131659507751465,
    5.466118812561035,
    4.726162910461426,
    5.109293778737386,
    5.461974700291951,
    5.0074803829193115,
    5.0191224416097,
    5.054430961608887,
    4.672215620676677,
    4.6926398277282715,
    4.789775689442952,
    5.360674858093262,
    5.159388383229573,
    5.35224183400472,
    4.759170373280843,
    4.792808214823405,
    5.305049816767375,
    5.098404248555501
  ],
  "metrics": {
    "rmse": [
      1358.9836735590313,
      1340.5893759835635,
      1336.1354721733871,
      1331.6106319040864,
      1311.8507918204723,
      1338.0630123428418,
      1319.4032742114898,
      1344.4497480382076,
      1302.7530464366607,
      1345.9080577810655,
      1344.9133336390119,
      1331.5791846525688,
      1329.037480660346,
      1323.6206027408307,
      1324.4685726735836,
      1328.039297234837,
      1333.5480400045587,
      1329.7096017552103,
      1324.2581413757666,
      1330.7014597572215,
      1310.805429878897,
      1309.5568429816249,
      1330.672715208364,
      1302.4334915841193,
      1295.4974430696495,
      1321.9604759598526,
      1315.3671065523874,
      1321.0330711227482,
      1329.5416973528886,
      1311.3771863960421,
      1320.5282560399835,
      1328.0591101302682,
      1316.7142343728194,
      1319.0704586943034,
      1319.9494308495307,
      1312.0544958194382,
      1305.4988988888501,
      1314.6962101565516,
      1326.8179509638842,
      1321.8840720728879,
      1328.44180339223,
      1314.8235623078863,
      1314.963307472874,
      1326.9997645063845,
      1323.0735523771912
    ],
    "r2": [
      -2.3448283672332764,
      -2.254894256591797,
      -2.233302593231201,
      -2.211440324783325,
      -2.116837978363037,
      -2.242638111114502,
      -2.15282940864563,
      -2.273667097091675,
      -2.0737571716308594,
      -2.2807726860046387,
      -2.2759249210357666,
      -2.2112886905670166,
      -2.1990411281585693,
      -2.1730167865753174,
      -2.177083730697632,
      -2.194237470626831,
      -2.220791816711426,
      -2.202277421951294,
      -2.176074266433716,
      -2.2070565223693848,
      -2.111872434616089,
      -2.105947256088257,
      -2.2069180011749268,
      -2.072249412536621,
      -2.039614200592041,
      -2.165062427520752,
      -2.1335694789886475,
      -2.160623073577881,
      -2.2014689445495605,
      -2.1145880222320557,
      -2.158208131790161,
      -2.1943328380584717,
      -2.139991044998169,
      -2.1512389183044434,
      -2.155440092086792,
      -2.1178059577941895,
      -2.0867278575897217,
      -2.13037371635437,
      -2.1883649826049805,
      -2.16469669342041,
      -2.196174144744873,
      -2.1309800148010254,
      -2.131645679473877,
      -2.1892387866973877,
      -2.1703946590423584
    ],
    "mae": [
      1122.4053955078125,
      1107.252685546875,
      1096.3836669921875,
      1097.942626953125,
      1068.9664306640625,
      1104.5377197265625,
      1077.213623046875,
      1115.77099609375,
      1044.2991943359375,
      1117.319580078125,
      1114.9437255859375,
      1098.9200439453125,
      1088.8955078125,
      1086.6090087890625,
      1083.9864501953125,
      1086.9971923828125,
      1093.8707275390625,
      1093.6102294921875,
      1086.3482666015625,
      1097.0960693359375,
      1067.674560546875,
      1059.4853515625,
      1093.9246826171875,
      1053.927734375,
      1044.1617431640625,
      1086.4129638671875,
      1076.2593994140625,
      1081.2183837890625,
      1093.9803466796875,
      1069.675537109375,
      1081.1790771484375,
      1092.5738525390625,
      1073.6800537109375,
      1080.7962646484375,
      1078.0528564453125,
      1073.9661865234375,
      1051.223388671875,
      1072.887939453125,
      1089.8699951171875,
      1079.9293212890625,
      1093.360595703125,
      1073.2720947265625,
      1074.0487060546875,
      1090.9818115234375,
      1084.8599853515625
    ]
  },
  "epoch": [
    0.0,
    1.0,
    2.0,
    3.0,
    4.0,
    5.0,
    6.0,
    7.0,
    8.0,
    9.0,
    10.0,
    11.0,
    12.0,
    13.0,
    14.0,
    15.0,
    16.0,
    17.0,
    18.0,
    19.0,
    20.0,
    21.0,
    22.0,
    23.0,
    24.0,
    25.0,
    26.0,
    27.0,
    28.0,
    29.0,
    30.0,
    31.0,
    32.0,
    33.0,
    34.0,
    35.0,
    36.0,
    37.0,
    38.0,
    39.0,
    40.0,
    41.0,
    42.0,
    43.0,
    44.0
  ]
}