{
  "train_loss": [
    13.983750131564399,
    4.690329285856253,
    2.364446100716393,
    1.9774165374402422,
    1.6403627525122402,
    1.5534290840831428,
    1.4996609539269639,
    1.4001503979055265,
    1.3292637895852233,
    1.2746094701389155,
    1.2381352395676195,
    1.2090505904283007,
    1.178051704415879,
    1.1528976948116534,
    1.1522687062287864,
    1.1303661485640004,
    1.1163922011280973,
    1.0890334117145966,
    1.0559425891017,
    1.0445851864525304,
    1.0506350727507863,
    1.021535864653298,
    1.006519831026705,
    1.0017954396744506,
    0.9805285836370609,
    0.9491686885730146,
    0.9518943937441793,
    0.9624997971537775,
    0.9314794102415871,
    0.9254685562258711,
    0.9086273204975616,
    0.8929285755553565,
    0.8873575203144513,
    0.9158433254915305,
    0.8671976466910146,
    0.8539265413253833,
    0.8539404354918118,
    0.8336452186678927,
    0.8427174239874647,
    0.8060387375827034,
    0.800921196754748,
    0.8259027727876609,
    0.8099984547581536,
    0.7941595553970946,
    0.7979626480382852,
    0.767051669926689,
    0.8118548288512916,
    0.7707092349712079,
    0.784647352398394,
    0.7477014215228657,
    0.7283721700453529
  ],
  "val_loss": [
    16.592286427815754,
    7.762539545694987,
    5.865214188893636,
    5.489823579788208,
    6.375318209330241,
    5.909224192301433,
    5.821774164835612,
    5.410473108291626,
    5.498435179392497,
    5.389522631963094,
    5.0962584018707275,
    4.970342795054118,
    4.655706882476807,
    5.483602523803711,
    4.865241924921672,
    5.761178811391194,
    4.516992568969727,
    4.274699370066325,
    4.906020164489746,
    5.302305142084758,
    5.274673859278361,
    5.114242394765218,
    5.016149600346883,
    5.435120264689128,
    5.285506089528401,
    4.851837396621704,
    5.097502072652181,
    4.345417420069377,
    5.144458452860515,
    4.473063786824544,
    3.2215580145517984,
    5.038250048955281,
    5.0110626220703125,
    5.282975355784099,
    4.801215012868245,
    5.138074636459351,
    4.771947622299194,
    4.7857630252838135,
    4.735345760981242,
    4.852163394292195,
    4.730528354644775,
    4.57338269551595,
    4.859475294748942,
    4.56079896291097,
    4.5201326211293535,
    4.629408041636149,
    4.78253960609436,
    4.859529097874959,
    4.165053685506185,
    3.93406343460083,
    4.921774625778198
  ],
  "metrics": {
    "rmse": [
      1378.5083877147792,
      1343.9188963624256,
      1320.584576996112,
      1319.3178635188717,
      1333.0723442484282,
      1331.4823036751184,
      1326.4458149506145,
      1318.8273200081958,
      1320.145446532313,
      1321.5504152320486,
      1316.5507965893303,
      1307.9522640371856,
      1301.125042030934,
      1324.2386963836996,
      1308.893664512133,
      1329.7697639065193,
      1298.4230339146022,
      1290.0234493992734,
      1315.4780499879123,
      1322.7741209291933,
      1324.4364839432656,
      1319.0096189944938,
      1318.0731675441998,
      1328.1624994706033,
      1322.9105695397554,
      1315.2437036534332,
      1319.578483834895,
      1296.285124885725,
      1324.461352777045,
      1307.6768044895498,
      1266.1829942784732,
      1321.4492044721205,
      1321.7649658694997,
      1326.4846399412245,
      1312.2343064407362,
      1322.5784948349947,
      1313.6485926609141,
      1314.937023206815,
      1311.8958133175058,
      1317.6786880723237,
      1312.748452674769,
      1305.879971513462,
      1319.030894255324,
      1310.6846016490772,
      1310.1452209583485,
      1311.824873982804,
      1315.8795062618765,
      1317.421866753395,
      1295.2799407850027,
      1292.035651597896,
      1317.0007593012238
    ],
    "r2": [
      -2.4416298866271973,
      -2.2710824012756348,
      -2.158477544784546,
      -2.152421236038208,
      -2.218494415283203,
      -2.2108213901519775,
      -2.1865766048431396,
      -2.1500773429870605,
      -2.1563773155212402,
      -2.1630992889404297,
      -2.139211654663086,
      -2.0983405113220215,
      -2.0660793781280518,
      -2.175981044769287,
      -2.102802276611328,
      -2.2025673389434814,
      -2.053358316421509,
      -2.013981342315674,
      -2.1340978145599365,
      -2.168959617614746,
      -2.1769297122955322,
      -2.1509482860565186,
      -2.1464755535125732,
      -2.1948301792144775,
      -2.1696135997772217,
      -2.132981300354004,
      -2.1536667346954346,
      -2.043311595916748,
      -2.177049160003662,
      -2.0970356464385986,
      -1.9036099910736084,
      -2.1626148223876953,
      -2.164126396179199,
      -2.186763286590576,
      -2.1186606884002686,
      -2.168022394180298,
      -2.1253867149353027,
      -2.1315205097198486,
      -2.1170520782470703,
      -2.144592761993408,
      -2.1211049556732178,
      -2.0885303020477295,
      -2.151049852371216,
      -2.1112990379333496,
      -2.108738660812378,
      -2.1167149543762207,
      -2.1360111236572266,
      -2.143366813659668,
      -2.0385937690734863,
      -2.0233912467956543,
      -2.141357660293579
    ],
    "mae": [
      1155.6571044921875,
      1114.8394775390625,
      1083.0482177734375,
      1079.6011962890625,
      1100.4501953125,
      1100.4287109375,
      1091.7474365234375,
      1074.677734375,
      1083.7801513671875,
      1085.66162109375,
      1075.1026611328125,
      1058.5181884765625,
      1044.6231689453125,
      1088.499755859375,
      1058.4427490234375,
      1090.867919921875,
      1039.0052490234375,
      1027.53759765625,
      1076.3858642578125,
      1080.5797119140625,
      1086.8453369140625,
      1073.9932861328125,
      1077.7413330078125,
      1091.3739013671875,
      1082.3250732421875,
      1072.388427734375,
      1073.958251953125,
      1034.8228759765625,
      1085.004150390625,
      1054.97705078125,
      1015.5210571289062,
      1077.5999755859375,
      1082.62451171875,
      1086.0706787109375,
      1062.189453125,
      1080.4169921875,
      1064.9925537109375,
      1072.2489013671875,
      1065.2327880859375,
      1076.5115966796875,
      1064.21875,
      1052.9080810546875,
      1076.90966796875,
      1068.609619140625,
      1069.4649658203125,
      1068.6185302734375,
      1073.7982177734375,
      1074.7703857421875,
      1042.871826171875,
      1039.85400390625,
      1072.4156494140625
    ]
  },
  "epoch": [
    0.0,
    1.0,
    2.0,
    3.0,
    4.0,
    5.0,
    6.0,
    7.0,
    8.0,
    9.0,
    10.0,
    11.0,
    12.0,
    13.0,
    14.0,
    15.0,
    16.0,
    17.0,
    18.0,
    19.0,
    20.0,
    21.0,
    22.0,
    23.0,
    24.0,
    25.0,
    26.0,
    27.0,
    28.0,
    29.0,
    30.0,
    31.0,
    32.0,
    33.0,
    34.0,
    35.0,
    36.0,
    37.0,
    38.0,
    39.0,
    40.0,
    41.0,
    42.0,
    43.0,
    44.0,
    45.0,
    46.0,
    47.0,
    48.0,
    49.0,
    50.0
  ]
}