{
  "train_loss": [
    13.983750131564399,
    4.690329285856253,
    2.364446100716393,
    1.9774165374402422,
    1.6403627525122402,
    1.5534290840831428,
    1.4996609539269639,
    1.4001503979055265,
    1.3292637895852233,
    1.2746094701389155,
    1.2381352395676195,
    1.2090505904283007,
    1.178051704415879,
    1.1528976948116534,
    1.1522687062287864,
    1.1303661485640004,
    1.1163922011280973,
    1.0890334117145966,
    1.0559425891017,
    1.0445851864525304,
    1.0506350727507863,
    1.021535864653298,
    1.006519831026705,
    1.0017954396744506,
    0.9805285836370609,
    0.9491686885730146,
    0.9518943937441793,
    0.9624997971537775,
    0.9314794102415871,
    0.9254685562258711,
    0.9086273204975616,
    0.8929285755553565,
    0.8873575203144513,
    0.9158433254915305,
    0.8671976466910146,
    0.8539265413253833,
    0.8539404354918118,
    0.8336452186678927,
    0.8427174239874647,
    0.8060387375827034,
    0.800921196754748,
    0.8259027727876609,
    0.8099984547581536,
    0.7941595553970946,
    0.7979626480382852,
    0.767051669926689,
    0.8118548288512916,
    0.7707092349712079,
    0.784647352398394,
    0.7477014215228657,
    0.7283721700453529,
    0.7702689686903177,
    0.7322725512730047,
    0.7577110494668491,
    0.7548775494860384,
    0.7455634142453678,
    0.7140211899059649,
    0.7317325920818712,
    0.7232462977068111,
    0.7011042008765589,
    0.7114413669124579,
    0.7024200525337134,
    0.7172491142448907,
    0.6782069017711919,
    0.7159023739088076,
    0.6896130031766221,
    0.6977249964738426,
    0.6550046593998187,
    0.7076488841836825,
    0.6858091177270055,
    0.6842440014449171,
    0.6588008182402998,
    0.6833232698349145,
    0.6520541962533714,
    0.6867255861766803,
    0.6541613874534449,
    0.7016289506476527,
    0.6814108852761241,
    0.6446224247304776,
    0.6538840214284464,
    0.6654967925609491,
    0.6580218381394213,
    0.6716892076090882,
    0.6566676260373844,
    0.6743816947118162,
    0.6736733819158695,
    0.6621473888619639,
    0.6552735304299254,
    0.654005867128555,
    0.6591730738600222,
    0.6785741753090685,
    0.6591875895905418,
    0.6424634946040071,
    0.6555602492425389,
    0.65839245739265,
    0.6813810493428105,
    0.6584598884795801,
    0.6625185823097778,
    0.6872153497351625,
    0.6832747974525244
  ],
  "val_loss": [
    16.592286427815754,
    7.762539545694987,
    5.865214188893636,
    5.489823579788208,
    6.375318209330241,
    5.909224192301433,
    5.821774164835612,
    5.410473108291626,
    5.498435179392497,
    5.389522631963094,
    5.0962584018707275,
    4.970342795054118,
    4.655706882476807,
    5.483602523803711,
    4.865241924921672,
    5.761178811391194,
    4.516992568969727,
    4.274699370066325,
    4.906020164489746,
    5.302305142084758,
    5.274673859278361,
    5.114242394765218,
    5.016149600346883,
    5.435120264689128,
    5.285506089528401,
    4.851837396621704,
    5.097502072652181,
    4.345417420069377,
    5.144458452860515,
    4.473063786824544,
    3.2215580145517984,
    5.038250048955281,
    5.0110626220703125,
    5.282975355784099,
    4.801215012868245,
    5.138074636459351,
    4.771947622299194,
    4.7857630252838135,
    4.735345760981242,
    4.852163394292195,
    4.730528354644775,
    4.57338269551595,
    4.859475294748942,
    4.56079896291097,
    4.5201326211293535,
    4.629408041636149,
    4.78253960609436,
    4.859529097874959,
    4.165053685506185,
    3.93406343460083,
    4.921774625778198,
    4.2735419273376465,
    3.8933229446411133,
    4.866421699523926,
    4.655154625574748,
    4.634841998418172,
    4.036360502243042,
    4.457082351048787,
    4.615466356277466,
    4.544355630874634,
    4.487363815307617,
    4.373332579930623,
    4.432305812835693,
    4.544963518778483,
    4.3325027624766035,
    4.625960826873779,
    4.723073720932007,
    4.228989442189534,
    4.415578921635945,
    4.118913888931274,
    4.556909561157227,
    4.166878382364909,
    4.216740369796753,
    4.552350838979085,
    4.073777993520101,
    4.685129324595134,
    4.143837928771973,
    4.609530846277873,
    4.525299787521362,
    4.745040496190389,
    4.6774435838063555,
    4.413473606109619,
    4.482615311940511,
    4.297393321990967,
    4.390153884887695,
    4.355663776397705,
    4.116368770599365,
    4.666510581970215,
    4.083054939905803,
    4.632810592651367,
    4.255849202473958,
    4.404072920481364,
    4.340403954188029,
    4.371440092722575,
    4.075064659118652,
    4.5238564014434814,
    4.138189474741618,
    4.306796153386434,
    4.045379002888997,
    4.2323081493377686
  ],
  "metrics": {
    "rmse": [
      1378.5083877147792,
      1343.9188963624256,
      1320.584576996112,
      1319.3178635188717,
      1333.0723442484282,
      1331.4823036751184,
      1326.4458149506145,
      1318.8273200081958,
      1320.145446532313,
      1321.5504152320486,
      1316.5507965893303,
      1307.9522640371856,
      1301.125042030934,
      1324.2386963836996,
      1308.893664512133,
      1329.7697639065193,
      1298.4230339146022,
      1290.0234493992734,
      1315.4780499879123,
      1322.7741209291933,
      1324.4364839432656,
      1319.0096189944938,
      1318.0731675441998,
      1328.1624994706033,
      1322.9105695397554,
      1315.2437036534332,
      1319.578483834895,
      1296.285124885725,
      1324.461352777045,
      1307.6768044895498,
      1266.1829942784732,
      1321.4492044721205,
      1321.7649658694997,
      1326.4846399412245,
      1312.2343064407362,
      1322.5784948349947,
      1313.6485926609141,
      1314.937023206815,
      1311.8958133175058,
      1317.6786880723237,
      1312.748452674769,
      1305.879971513462,
      1319.030894255324,
      1310.6846016490772,
      1310.1452209583485,
      1311.824873982804,
      1315.8795062618765,
      1317.421866753395,
      1295.2799407850027,
      1292.035651597896,
      1317.0007593012238,
      1294.667573163088,
      1281.3599708903037,
      1318.6271743749255,
      1313.0049980864505,
      1312.829720489295,
      1294.7529204446691,
      1308.8741345140868,
      1309.7168109938882,
      1308.963282525526,
      1309.7245416498845,
      1303.8882716705446,
      1306.2572966303385,
      1307.5514808220746,
      1299.6488468043974,
      1310.659232981632,
      1311.0151124224312,
      1297.8336276272087,
      1304.5012456874083,
      1296.8011123530084,
      1310.1382083581868,
      1298.4174502062117,
      1303.4098070062232,
      1310.8426679048862,
      1294.3999092243478,
      1314.8889211640656,
      1295.4650226849044,
      1310.717742307626,
      1308.8032224135147,
      1313.3982164598824,
      1311.0163519193802,
      1306.7833121830106,
      1307.0571429742465,
      1303.5855840718707,
      1301.2416666399827,
      1303.4025184109473,
      1297.2869767325963,
      1310.8561610642107,
      1294.4357844250135,
      1310.1062933976007,
      1300.5622341895062,
      1305.2372868563018,
      1303.065568189107,
      1306.9739859691165,
      1295.400565462282,
      1307.0009563883264,
      1295.2513752164095,
      1304.0128450287598,
      1294.4686168463104,
      1298.5468320395687
    ],