{
  "train_loss": [
    4.387773180160279,
    2.598028230210082,
    2.3310679296335093,
    1.8308293903216768,
    1.741241201425132,
    1.6405945974417007,
    1.5359928143291046,
    1.4467165637701844,
    1.3984947791114783,
    1.274966747996906,
    1.2307943928355989,
    1.1550287693834151,
    1.1088479791586392,
    1.0739083252014063,
    1.0243513218511027,
    0.9930215668373595,
    0.9541680588128086,
    0.9083132707653716,
    0.8795520611845267,
    0.860680524533549,
    0.8462914624534095,
    0.8376220531356983,
    0.8232492027572169,
    0.7875698284980969,
    0.8109901115155449,
    0.7796444555821891,
    0.7718893146743409,
    0.7550619008442083,
    0.7642201582273356,
    0.7047513468196979,
    0.7102353908002567,
    0.734115542314304,
    0.7114668408521829,
    0.7357402605751452
  ],
  "val_loss": [
    5.394915501276652,
    5.4331769943237305,
    5.124001502990723,
    4.7500044504801435,
    4.925012985865275,
    4.082711537679036,
    4.038461049397786,
    4.162990967432658,
    4.568671464920044,
    5.074588060379028,
    4.8876088460286455,
    5.098952293395996,
    4.602629820505778,
    4.26907483736674,
    4.105654875437419,
    4.620762348175049,
    4.512708425521851,
    4.982012589772542,
    4.709223906199138,
    4.285908857981364,
    4.522572199503581,
    4.337891260782878,
    4.036794980367024,
    4.574493885040283,
    4.2929591337839765,
    4.234080712000529,
    4.308851957321167,
    4.2681483427683515,
    4.239443302154541,
    4.173912048339844,
    4.394646326700847,
    4.4049562613169355,
    4.309937556584676,
    4.315727790196736
  ],
  "metrics": {
    "rmse": [
      1273.0582763565853,
      1225.1563165571974,
      1287.967148261166,
      1273.8082665770387,
      1290.9058350631158,
      1234.946102062758,
      1258.7094581355936,
      1263.8693069301114,
      1299.3386779435145,
      1311.691512894705,
      1309.2096852681773,
      1319.4080111928986,
      1302.604314440882,
      1297.071123724524,
      1287.407472403357,
      1306.6306383213275,
      1306.5888316528656,
      1317.4538416961711,
      1313.1387493330626,
      1300.5408490316634,
      1305.0860603806939,
      1303.4333987588318,
      1297.0697263447328,
      1308.0995279412036,
      1304.387404109684,
      1293.5029474260969,
      1305.3968266393174,
      1301.361978851388,
      1304.025689930992,
      1301.4363699389994,
      1308.031345190168,
      1306.074892569335,
      1308.6259492307188,
      1307.1194953025527
    ],
    "r2": [
      -1.9352283477783203,
      -1.718493938446045,
      -2.004380226135254,
      -1.938688039779663,
      -2.0181057453155518,
      -1.7621123790740967,
      -1.8694345951080322,
      -1.8930084705352783,
      -2.057666301727295,
      -2.1160812377929688,
      -2.1043004989624023,
      -2.1528520584106445,
      -2.0730552673339844,
      -2.0470032691955566,
      -2.00177001953125,
      -2.0920822620391846,
      -2.091884136199951,
      -2.143519639968872,
      -2.1229610443115234,
      -2.063326835632324,
      -2.0847761631011963,
      -2.0769684314727783,
      -2.046996593475342,
      -2.0990381240844727,
      -2.0814743041992188,
      -2.030261993408203,
      -2.08624529838562,
      -2.0671963691711426,
      -2.079765558242798,
      -2.067547082901001,
      -2.09871506690979,
      -2.0894525051116943,
      -2.1015329360961914,
      -2.0943961143493652
    ],
    "mae": [
      1004.4609985351562,
      959.6705932617188,
      1032.6209716796875,
      1023.0271606445312,
      1036.5291748046875,
      962.4939575195312,
      994.2510375976562,
      999.7500610351562,
      1054.5562744140625,
      1066.6326904296875,
      1064.79345703125,
      1078.3531494140625,
      1054.5543212890625,
      1050.60693359375,
      1036.2489013671875,
      1057.86474609375,
      1066.6617431640625,
      1076.618896484375,
      1065.7327880859375,
      1050.149169921875,
      1058.311279296875,
      1058.9632568359375,
      1048.62158203125,
      1066.28369140625,
      1054.0025634765625,
      1039.4647216796875,
      1062.8704833984375,
      1059.4976806640625,
      1059.04296875,
      1050.4171142578125,
      1069.6619873046875,
      1059.5379638671875,
      1067.5128173828125,
      1065.8875732421875
    ]
  },
  "epoch": [
    0.0,
    1.0,
    2.0,
    3.0,
    4.0,
    5.0,
    6.0,
    7.0,
    8